Organization Id,Name,Website,Country,Founded,Type,Number of employees,Median Salary,Profits in 2020(Million),Profits in 2021(Million)
4EB9d3E5cF79b91,Bernard Payne and Spencer,http://williamson.net/,Afghanistan,1990,Transportation,730,4852,4871758,11649999
BbA52b87BB6A32f,King Inc,https://www.fry.org/,Afghanistan,1985,Apparel / Fashion,6819,4422,7368292,1666514
8a9190A50adf241,Riddle Leach and Gould,http://brown.biz/,Afghanistan,1991,Ranching,3695,4817,2135571,637754
3D41753AADAc2FB,Mueller Group,https://www.nichols.com/,Albania,1972,Graphic Design / Web Design,956,2733,7033750,2290983
91ba1665eEb4D22,Cohen Saunders and Curtis,https://todd.com/,Albania,1972,Other Industry,1999,2411,3025865,5669618
AAC4f9aBF86EAeF,Orr-Armstrong,https://www.chapman.net/,Algeria,1970,Import / Export,7994,4663,387042,10612708
27fbC78271f3Aa2,Chambers-Kemp,http://cooley-murphy.com/,Algeria,2021,Accounting,4288,3221,4122822,11320996
B715731fa4a6CDB,Rojas Andrews and Odonnell,http://www.wells-harrison.org/,Algeria,1981,Library,6429,2733,742313,7947410
df66E70fAE1aa5d,Barnett-Randolph,http://donaldson.com/,Algeria,1998,Automotive,7518,2187,7897829,7938251
A3B8d27d51aae2f,Hanson Newman and Bradley,http://www.shepherd.com/,Algeria,2021,Individual / Family Services,2135,2131,3954770,1388391
bec776b6C8Ce1Ac,Potter Murillo and Garza,https://www.bruce.com/,Algeria,1977,Music,1552,2765,6066845,2115109
38dF1aeDEF8e004,Holden-Wolf,https://flynn-hartman.org/,Algeria,1996,Utilities,5416,3492,6249495,9010297
ACC61A49398bDD4,Collier-Howe,http://pratt.com/,Algeria,1972,Education Management,1416,4444,6998920,7849261
2FaB6dAd4AfE024,Marquez-Blankenship,https://nolan.net/,Algeria,1989,Warehousing,8562,3313,5851000,3687241
a1C2B67b5A01adf,Boyd LLC,https://herrera.com/,Algeria,1975,Luxury Goods / Jewelry,159,2263,6785288,5781194
2Ecb7041DC2ADf1,Leon Kaufman and Richmond,https://www.madden.com/,Algeria,1983,Printing,3321,3676,8163338,4398575
dFfc100FCCdc16D,Parker Garza and Mcintosh,https://www.luna.com/,Algeria,1972,Glass / Ceramics / Concrete,7720,2666,5798027,5303896
BFa9a7D5cd3Ea2c,Lowe LLC,https://padilla-gardner.info/,Algeria,1971,Political Organization,7249,4044,731518,5668124
fcDBf9Ac5F68EAa,Sanford LLC,http://ramirez.biz/,Algeria,1980,Computer Hardware,3512,2742,2659072,4971125
6F442E8596b4B4e,Michael-Lee,https://www.trevino.com/,Algeria,2004,Law Practice / Law Firms,8506,4430,3196958,6544245
5A3d438BD544b85,Thompson Ltd,http://www.berry.com/,Algeria,1980,Chemicals,6676,3912,3810950,6506858
bde405D2e490EBe,Salazar-Hanson,https://www.berry.com/,Algeria,1988,Biotechnology / Greentech,92,4092,7902634,10918403
3c08339AF3bb8C8,Medina-Wells,https://flynn.com/,Algeria,1986,Online Publishing,8575,4977,2031114,2772339
6eA03577Dc2F3C3,Collins Group,http://clay.info/,Algeria,2002,Alternative Dispute Resolution,6644,2899,3890298,5111819
C494aBe0CDB9c70,Gonzales Inc,http://lara.org/,Angola,2019,Capital Markets / Hedge Fund / Private Equity,2252,3071,2413656,11744207
C7AFe1E7295d09a,Roth and Sons,http://durham.com/,Angola,1994,Computer Hardware,311,4492,7253077,6716708
Bd5E1A9A3F0f95A,Riddle-Griffith,http://boyd.com/,Angola,1972,Fishery,1213,4630,1813483,6674272
Ec0E323aCd42b6e,Miles Inc,https://douglas.info/,Angola,1999,Dairy,3250,2016,5910536,5146861
e4C640af4AA845a,Reed Group,http://herrera-carroll.info/,Angola,1976,International Affairs,4531,3518,5116927,1614429
bF0EbcA305EfBe4,Houston-Ayala,https://burns.com/,Anguilla,2020,Legislative Office,4704,4079,260992,10611180
eCB7Aae9A6cB36D,Skinner PLC,https://spears.com/,Anguilla,2006,Legal Services,485,3711,7066362,7985966
3DeebF49BD2fcE7,Tucker Rocha and Bonilla,http://www.ryan.org/,Anguilla,2016,Library,8125,4998,7388283,2337980
9f8eFb3D03193DB,Cortez LLC,http://woodard.com/,Anguilla,1972,Printing,9056,3274,7207165,1185597
27Eab75cE19c101,Castro Moses and Wolfe,https://lowery.com/,Anguilla,1997,Veterinary,2878,3500,1934242,10676250
0a3Ca1E9C01BAAE,Barber LLC,http://roth-riley.com/,Anguilla,1998,Insurance,1021,3665,3111696,9489669
7adE1D82D2AC863,Ochoa-Mason,http://calderon.biz/,Anguilla,2011,Biotechnology / Greentech,7205,4347,2677843,6434443
Bf1cc30FEBed38C,Guzman PLC,http://marsh-callahan.info/,Anguilla,1987,Judiciary,481,2686,7061608,6429122
eE4AA1DC0265e0e,Dennis-Bridges,https://www.woods.com/,Anguilla,1991,Translation / Localization,648,2754,4568711,8400105
FFDB822C7597C10,Morrow-Lawson,http://www.mann.net/,Anguilla,2009,Food / Beverages,3925,4685,2110498,9617699
F801BAC42f9ac1F,Rowland Group,http://www.sutton-reynolds.com/,Anguilla,2000,Computer Games,4998,2416,1949176,849705
244f2BdbB45DCBc,Wiley and Sons,https://huerta.com/,Anguilla,1994,Transportation,6177,4118,771808,4778863
50D48830dc9A8ac,Soto-Perry,http://www.hester-gibson.com/,Anguilla,1992,Professional Training,7286,3859,2716343,10145042
BeeF0bF7cABe089,Macdonald Group,https://gutierrez-robles.com/,Anguilla,2016,Individual / Family Services,778,2695,1396139,1713029
9eEB46CbF04EEFF,Beltran Flores and Kelley,http://www.mcclain.org/,Argentina,1970,Railroad Manufacture,1371,3152,7935853,11274116
3ED7b5F7C7F2bFe,Cline Inc,https://randolph.com/,Argentina,2009,Translation / Localization,8887,4925,6645874,10674655
6aA8Ef34dCeEd25,Holt Morris and Delgado,https://www.skinner.com/,Argentina,1999,Translation / Localization,7672,3899,4994827,7898676
d0B5D62f4ba941f,Rowe-Horton,http://www.oneal.com/,Argentina,2007,Renewables / Environment,5422,4976,8819793,3054956
ecEDFb72DaEeBbC,Mullins Castaneda and Bernard,https://www.sampson.com/,Argentina,1998,Research Industry,8861,3920,2791418,4956817
d2eF4c24dA2D2A7,Espinoza LLC,http://www.marsh.com/,Argentina,1979,Law Practice / Law Firms,7668,2358,4486671,3669192
Af3B0dC3a779Eb5,Ayers LLC,https://gomez-conner.com/,Argentina,1971,Wholesale,7898,3917,4343875,7413623
eE2D54F3Ad9c126,Cantrell-Glover,https://www.lowe-andrade.com/,Argentina,1970,Facilities Services,313,4526,3350932,11382442
F40fC5a648c53F3,Glover-Castaneda,https://www.romero.com/,Argentina,1990,Research Industry,6515,3340,5682918,5987677
e9bebD37bfEE7BB,Howe Byrd and Owens,https://warner-mcconnell.com/,Australia,2010,Financial Services,7597,3590,437979,4879934
6f8e7fE3ccFCB7C,Griffin and Sons,http://vasquez.net/,Australia,2000,Other Industry,7640,4422,7635255,7633917
9F63C73BE6A39E9,Michael and Sons,https://brennan-molina.com/,Austria,1988,Museums / Institutions,3837,3833,6242581,8210689
CCD85e8579f9c7E,Hood Evans and Waters,https://www.lowery.com/,Austria,2006,Medical Equipment,6998,2096,1663713,2042879
5022C998EdEAda1,Jackson Group,http://www.haney-bailey.com/,Austria,1984,E - Learning,8940,2078,8117599,1939358
eB1f0A485FF5c50,Oliver Flores and Pena,https://www.merritt.com/,Austria,1994,Medical Equipment,2587,4771,810335,5706571
0DE4671F41341d6,Avila-Garza,https://harmon.com/,Austria,1987,Computer Networking,4204,2340,6722610,1488138
90BBF5C6D616DBF,Harvey-Horton,http://www.mejia.net/,Austria,2007,Pharmaceuticals,3787,4219,5440815,11665612
4D17Fa0d985e0d7,Mcpherson Cameron and Whitehead,http://www.schneider.com/,Australia,1978,Wine / Spirits,5942,4706,5507022,11754288
6Be8A1EF720Fd32,Whitaker-Lara,https://buckley-mayo.com/,Australia,1992,Glass / Ceramics / Concrete,8323,2409,7527712,11540480
4DeD9e3fF968e7C,Guerrero Group,https://morse.com/,Australia,2014,Civil Engineering,3313,2846,5447472,8795170
BBB5AB4B0Aad7a3,Meza-Carroll,http://www.walker.net/,Australia,1975,Packaging / Containers,8073,2618,4879450,7731482
A5FFB6afd24D2Eb,Horne Cherry and Santana,http://bishop.com/,Australia,1981,Financial Services,7298,2553,8087783,7683342
Ad103986bdbe6ad,Stuart Ltd,http://russell.com/,Australia,2021,Luxury Goods / Jewelry,6472,2862,7139811,4635588
EA8a779beC3c8FF,Romero-Aguirre,https://www.cooley.com/,Bahamas,2006,Think Tanks,142,3315,7281231,9997854
Ba404ddD2AD309a,Mendoza Ltd,https://www.rice-gutierrez.org/,Bahamas,2002,Textiles,5158,2327,3325811,11650281
2eaA3c5D6CC37B9,Schneider-Elliott,https://molina.com/,Bahamas,2021,Supermarkets,7306,3068,5515014,10902858
4dbcfb13CF62f8F,Ayers Pierce and Vang,http://www.durham.com/,Bahamas,1974,Professional Training,6594,3522,3593477,9037289
Fde4aFfcEEE8F58,Livingston-Short,http://www.schaefer-skinner.com/,Bahamas,1973,Warehousing,6921,2403,6522089,4331785
2606F29EE3f97F5,Good Mcconnell and Ballard,https://riddle-carr.com/,Bahamas,1991,Information Technology / IT,4089,2858,460444,3991962
a3bb544c4f950e5,Hunt Ltd,http://www.fritz.com/,Bahrain,1977,Primary / Secondary Education,1693,2513,8169559,6681516
F56155A0A9cE693,Cole-Gordon,http://bauer.biz/,Bahrain,2017,Furniture,7082,2981,5614468,10253892
073cF1eFaADA57a,Gardner Ltd,https://barnes-reynolds.com/,Bahrain,1970,Religious Institutions,3702,3041,6986172,6275447
9C9AD5abae300F4,Lin Rasmussen and Graves,http://www.evans-graham.com/,Bahrain,1997,Business Supplies / Equipment,6903,4080,2050190,5983572
0Aab0BAaD1D0622,Lopez-Taylor,http://farrell.org/,Bahrain,1973,Import / Export,4813,2412,2822607,1238956
DfFd5cb3C19FA22,Finley-Sloan,https://www.marsh.org/,Bangladesh,2013,Graphic Design / Web Design,5042,3493,4332717,6191062
fff54EBcb7F443b,Phillips Gomez and Rocha,https://www.romero-alexander.com/,Bangladesh,1981,Telecommunications,5299,2349,8064661,8558029
a832Ebc6811Df1A,Ward-Cox,http://medina.com/,Belgium,2009,Facilities Services,2996,4638,5505083,3285596
61521F79cd45a7b,King-Howard,https://www.mason-mcdowell.com/,Belgium,1977,Education Management,321,3700,4973014,6119960
cC88150B8ECad8c,Villa Levy and Mays,https://www.lyons.biz/,Belgium,1976,Packaging / Containers,4619,4135,949614,3592872
db0ECF7Ddcc3a7a,Alexander PLC,http://www.barker.biz/,Belgium,1999,Financial Services,3866,4041,7215375,4964731
c18b4aaD9AdF4cF,Donaldson Group,https://www.horton.biz/,Belgium,2016,Shipbuilding,1027,3964,4365716,2690663
fF4cDcD04BC0Da8,Newton LLC,https://www.sloan.info/,Belgium,1997,Mental Health Care,3886,4862,7415298,6984508
318C1F58cFcBda9,Weaver-Barnett,https://www.patton-ayers.com/,Belgium,1991,Business Supplies / Equipment,8600,2963,8283966,6510508
5B77F60C3Cc6ae6,Barnett Ho and Shah,http://www.joyce-ochoa.com/,Belgium,1983,Information Services,5971,3635,8802014,2185159
31aeBa479968aF3,Dunn Dillon and Blair,http://jensen-romero.com/,Belgium,2015,Printing,5962,2217,2197317,10939517
97bfC3C2f851B8B,Byrd Pace and Robles,https://johnson-serrano.com/,Belgium,1974,Research Industry,3081,2480,4491848,10439833
68Aa8DdF26E3acA,Willis-Skinner,https://www.mcclain.net/,Belgium,2014,Religious Institutions,2540,2501,3595833,2153519
fb20B12fCf3f4Be,Hicks Hall and Hopkins,http://gilmore.net/,Belgium,1979,Writing / Editing,9652,4956,6480519,11153667
5CB0bBca289679c,Bright-Summers,http://www.yoder-coffey.com/,Belgium,2004,Writing / Editing,5406,3309,491782,6520808
44b829ad3ABbDF3,Middleton PLC,http://www.mcguire.com/,Belgium,1994,Medical Practice,6412,3121,8198227,5793827
ddCe3797F22d3Ae,Trevino Group,https://guerra-thompson.net/,Belgium,2012,Renewables / Environment,3985,3766,192157,9681777
78EA4C2c1CB83aB,Hansen Chan and Molina,http://stevens.com/,Belgium,1994,Translation / Localization,8534,4992,6762840,11689951
FAACec3019Bf7F5,Jacobs-Kline,https://www.smith-hardin.org/,Belgium,1988,Sporting Goods,2788,4668,5263703,8819781
89adcc6B8715b23,Joyce Turner and Bolton,http://www.long.com/,Belgium,1975,Online Publishing,6016,2503,3339214,10612832
bdf1B9F31A0daCB,Alvarado Inc,http://www.bowen-callahan.org/,Belgium,2020,Hospitality,4256,2204,4210676,9413929
A11b2cc54eAE95b,Fuentes Ltd,http://berry.com/,Belgium,2019,Industrial Automation,643,4333,6552843,2472467
C3Ba071A2Bb4d6F,Bolton Diaz and Kent,http://www.luna.net/,Belgium,1999,Information Services,1053,3373,8649060,10360625
a51fFFfdB11CfF2,Murphy-Esparza,http://www.melton-carson.biz/,Belgium,2012,Venture Capital / VC,6030,2649,8580809,2600196
944bb87Fc8A613e,Richmond-Conley,https://randall.com/,Belgium,1997,Political Organization,6412,4476,8991816,9111114
D1f772a3528ecfC,Whitehead and Sons,http://rasmussen.com/,Belgium,2005,Oil / Energy / Solar / Greentech,338,4731,8632160,3577257
C087578943F19e4,Murillo-Woods,http://www.graves-rocha.net/,Belgium,1981,Food / Beverages,7222,4881,3694586,11614267
9d7e4C3afD2392c,Mckee-Bonilla,http://www.charles.net/,Belgium,2013,Leisure / Travel,157,4693,4025628,2279339
9ec72158e7c46d2,Blackwell Kidd and Shields,http://lester.org/,Belgium,1971,Higher Education / Acadamia,219,4640,2050368,7147011
4255E3e4ACf7ABF,Pearson-Fletcher,https://www.duffy.net/,Belgium,1987,Consumer Services,7374,4689,2236624,6906174
D214D152BdF2F3D,Hood-Becker,http://www.houston.org/,Botswana,2004,Human Resources / HR,1175,4520,3209513,5977159
cdbd7720BBA0BF5,Werner Berry and Dominguez,http://castro-robles.com/,Botswana,2014,Textiles,9676,4472,8671763,1750154
ed8ABDCda9dd862,Esparza Lyons and Diaz,http://durham.com/,Botswana,1976,Library,9231,2488,8776342,5803874
A3A8d60aF487c75,Harris-Clarke,http://www.reilly.com/,Botswana,2016,Publishing Industry,6150,3131,1534070,11932548
Ffb1A8AF4FEc7Ce,Vaughn LLC,http://www.bradley.com/,Botswana,1999,Food / Beverages,9751,4727,4047866,10039321
AfCBE39D8b0b2f6,Bolton-Odom,http://duncan.com/,Botswana,1979,Utilities,7241,3224,3712547,3849962
040bdDAFC73CB32,Tanner Lambert and Strickland,https://www.cantu.com/,Botswana,1985,Recreational Facilities / Services,5597,3263,7245861,1595038
B25FFE2fdBC55d1,Sampson-Copeland,https://west.com/,Botswana,2015,Marketing / Advertising / Sales,3811,4069,1651491,5515840
B598519fDfC530B,Petty Group,http://www.scott-marks.info/,Botswana,1985,Marketing / Advertising / Sales,8830,4782,3090534,8581315
7dB53b8Ca40AB0D,Hopkins Shea and Bishop,https://www.wolfe.com/,Botswana,2014,Venture Capital / VC,1878,3212,5931635,3456403
eaa4e1Cf00eE3C2,Wilkins LLC,http://www.ford.com/,Botswana,1990,Sporting Goods,7349,3942,5751270,5689285
56bDd78BBCdcca4,Novak PLC,http://www.lozano.com/,Botswana,1973,Non - Profit / Volunteering,5821,3486,891875,1536042
dEDd9D0Aa6115D3,Collier and Sons,http://www.woodward.com/,Brazil,2020,Transportation,9151,4532,5992394,2737594
c763F85Cc571e19,Wilcox LLC,https://www.holder.info/,Brazil,1988,Computer Games,8471,2927,8299535,11306219
a376A6d71F1c36C,Mills-Humphrey,https://www.barker.info/,Brazil,2017,Luxury Goods / Jewelry,3778,4378,6491732,4306444
f73B358BF010f7F,Cross PLC,https://www.compton.com/,Brazil,1976,Government Relations,3101,4646,7857647,7573138
3899d932C149E5C,Macias-Patton,https://www.ferguson-bradford.com/,Brazil,1990,Wholesale,6403,3041,2138026,7161291
dDba684d69764EB,Conley Group,http://santana.com/,Brazil,2013,Events Services,3806,2568,2713493,712381
51AcF1269e194E8,Parrish Group,http://www.wright.com/,Brazil,2019,Hospital / Health Care,1,2171,8902701,9000810
EBdCEAf8b6B2fb5,Schaefer Ltd,http://www.underwood.com/,Brazil,1983,Leisure / Travel,5199,4198,2851892,3376360
Db82Eaf8e7A59AF,Hess-Shelton,http://www.hendricks-rodgers.org/,Brazil,2014,Consumer Electronics,7188,3528,5556971,6899026
18c26Fd0FAD73e3,Murray-Meadows,http://velazquez-harmon.com/,Brazil,1996,International Trade / Development,9655,2057,6255257,10944421
AFEE981FbACdBE8,Novak Petty and Mcintyre,http://www.foley.biz/,Brazil,1979,Wireless,7809,2186,6497279,7744665
Ce017B247DB1EDE,Mcmahon and Sons,http://copeland.com/,Brazil,1997,Medical Practice,6029,2620,5955396,4751154
55cc2D7816506BD,Holland Ltd,http://silva.com/,Brazil,1995,Plastics,5096,3233,1366595,3706405
ec2DAe361f8bb30,Rogers Inc,http://ray-hinton.com/,Brazil,1979,Hospitality,886,2879,8906948,11314414
fE8bBB899EFcB06,Caldwell Shaffer and Woods,https://haney.info/,Brazil,1974,Health / Fitness,959,3099,3897999,853351
9Dd10a3ccB2B1Bd,Gamble-Hill,https://www.chaney-eaton.com/,Brunei Darussalam,1993,Computer / Network Security,3468,2070,1120738,2143773
E84E97Db7bFADED,Hobbs Group,https://bailey.com/,Brunei Darussalam,1999,Logistics / Procurement,1145,3795,2980952,9656060
Df39abf66AE4D0C,Romero Austin and Gentry,https://cooper-nash.com/,Brunei Darussalam,1990,Railroad Manufacture,8213,3984,4359711,1794366
6b345D487EDF9DF,Blanchard Forbes and Mendez,https://www.ramsey-barber.biz/,Brunei Darussalam,1994,Import / Export,5533,3810,2190531,6639122
e5CA6529DCD4030,Mcpherson-Blanchard,http://www.ward.com/,Bulgaria,1972,Law Enforcement,9890,3973,2695044,947974
4CD5cC59B0AA9c5,Bird Ferrell and Hughes,http://mooney.com/,Bulgaria,2005,Cosmetics,6336,3009,1644574,822392
a0DCF3Bcf1addEA,Gordon and Sons,http://www.taylor.biz/,Bulgaria,1970,Cosmetics,4815,3923,2131824,4139373
0FbFeDa9D5E0B69,Page-Mcmahon,https://www.brandt.net/,Bulgaria,1995,Warehousing,3958,3464,1634609,8898984
C44A5CdF9c829e3,Landry Group,http://www.morse.net/,Bulgaria,2019,Chemicals,2273,4781,2071771,4688163
ee1Adb78478Bf80,Logan-Chen,https://sheppard.com/,Bulgaria,1996,Industrial Automation,7532,2840,8069188,7651322
2FFF9aC231a6768,Duffy and Sons,https://simmons.com/,Bulgaria,2011,Insurance,5250,3266,5682439,10906546
7647af9d4705c6b,Norton Group,https://collins-michael.com/,Bulgaria,2016,Utilities,9497,2955,3361590,809452
C6eB96aCC73BAa0,Bradshaw-Orozco,http://stewart.com/,Bulgaria,1973,Information Technology / IT,3619,4526,4119960,11770670
67eeACAbCfcCB6c,Mays Robles and Shah,https://myers.com/,Cambodia,1989,Chemicals,9666,4702,1898144,4609431
eDBDABFD62CBea7,Clements Hahn and Stark,https://richards.com/,Cambodia,1975,Hospitality,7663,3358,685748,8408692
6bDeEB7334ec8A1,Graves LLC,https://marquez.com/,Cambodia,2013,Plastics,7150,4271,3638493,1924764
DFCaDAD69fE1D2A,Guerra Drake and Rangel,https://hartman.info/,Cambodia,2005,Warehousing,305,4668,4057958,3015081
f6025BcBbd3953e,Jennings-Drake,https://cordova.biz/,Cambodia,1977,Leisure / Travel,1422,2823,3595168,908868
958CAbB9B17124D,Vega Miller and Calderon,http://www.joseph-contreras.com/,Cambodia,2012,Professional Training,8250,2979,3965933,4723582
a8fd24e2Bb7d0fD,Kirk-Moody,https://oneal-avery.com/,Cameroon,1971,Government Administration,4110,2816,3116585,778833
19d7dE485e79Df6,Hinton Lucero and Hancock,http://www.black-rojas.com/,Cameroon,2003,Medical Equipment,5594,4621,7208983,1655484
3C6fd0d86E7BAAF,Smith-Terrell,http://www.fowler.com/,Cameroon,2003,Mental Health Care,404,2006,6940172,8167360
8c4d487caBCE6e9,Mcclain-Wilcox,https://www.nash.com/,Cameroon,1981,Pharmaceuticals,1740,3342,1813412,9442794
3851f381Ea54d70,Trevino-Foley,https://baxter.com/,Canada,1973,Wine / Spirits,6765,3045,8528045,11529051
a0bbB5aB97FE257,Robinson PLC,https://www.manning-barron.com/,Canada,2003,Broadcast Media,1310,3593,5455054,5656097
54FA48043aaaCD4,Jacobs-Sawyer,https://romero-gould.com/,Canada,1993,Maritime,3118,3593,5846396,11566057
0D2d0dC2ddb267C,Alvarado-Anthony,http://www.perry-mcgee.com/,Canada,1978,Outsourcing / Offshoring,28,2658,2987609,3865057
60a7985F64aCbAf,Dickerson-Taylor,http://www.steele.com/,Canada,1981,Venture Capital / VC,4679,2589,2830659,6862409
B87a9762ff1eCDC,Mcconnell-Sheppard,https://www.hinton-howard.com/,Canada,1995,Primary / Secondary Education,9808,4770,5732641,8327111
D17135FB399dD4c,Curry Blake and Leblanc,https://www.cooke.com/,Canada,1973,Think Tanks,2164,3845,7279567,5834871
c8EfD8A1ae4E3CF,Taylor LLC,http://www.spears.com/,Canada,1997,Chemicals,8904,4177,5986054,2371353
D253B3cEE134fed,Gallagher-Patel,https://welch-pitts.com/,Canada,1984,Computer / Network Security,9633,2442,8586628,9082602
E67E4dEad7f7aC8,Ayala-Bradshaw,https://www.bishop.com/,Canada,2000,Library,5977,2861,7331960,9049419
ef56BDcE48dE5fF,Neal-Nicholson,http://keith.info/,Canada,2006,Wine / Spirits,5523,3469,1440035,10049120
bA907c2aCBc34bA,Huerta-Stephens,https://www.contreras-phelps.com/,Canada,1994,Industrial Automation,2090,2697,5116365,5783520
E0dA4a69658eaCa,Wall-Mcconnell,http://www.carr.com/,Canada,2006,Building Materials,4491,3976,3590205,7933159
D457875b76D0AD8,Espinoza Stephens and Spencer,http://www.hardy.com/,Canada,2002,Glass / Ceramics / Concrete,3784,2029,6481574,4607623
ca8e1DFBa7b1d8D,Lewis Frank and Pittman,https://www.wise-randall.com/,Canada,1985,Legislative Office,6628,4796,672623,1417102
Ef7e820BC9f7e49,Mcdowell-Dawson,http://www.townsend-farrell.com/,Chad,1976,Sporting Goods,2861,2219,8264248,11580456
a5E8ce5cF97c2AC,Novak Mcguire and Copeland,http://www.tate.com/,Chad,2011,Packaging / Containers,8128,3851,1109852,9555253
5E2BB2DAcE9511e,Whitaker Group,https://koch-andrews.com/,Chad,2005,Computer Software / Engineering,7007,3313,7724046,2080144
f8a35a4b5d7B2C1,Best Mckay and Guerrero,http://andrade.com/,Chad,2020,Building Materials,871,2922,6025668,3594005
795195c9db5E1c0,Cline-Heath,http://www.walter.net/,Chad,2020,Computer Networking,6977,3193,3733990,7353537
dE66a10fAf4e5B1,Tanner-Webster,https://www.wu.com/,Chad,2006,Pharmaceuticals,4176,3351,4961493,3377612
994AAd9baA0bef3,Guzman LLC,https://walter-stevens.net/,Chad,1973,Banking / Mortgage,2251,2620,4326730,3099498
9aAAD5026aa8ABF,Leonard-Wilkinson,http://houston-bailey.com/,Chile,1995,Wholesale,8952,2367,8228495,4272982
aFEAF6bEef0db13,Frederick-Singh,https://levy-david.com/,Chile,1971,Fine Art,5687,3485,222322,3585862
391e22a22E6C77A,Sanchez Pugh and Decker,http://faulkner-anthony.com/,Chile,2022,Alternative Dispute Resolution,8917,2638,1306498,11637116
E7e0EfaACc8122d,Copeland Booth and Patrick,http://cox-mann.com/,China,1975,Logistics / Procurement,1623,2821,8824543,7095418
ceAb4db1CaD0ADf,Sharp and Sons,https://www.collier.com/,China,2010,Investment Management / Hedge Fund / Private Equity,2828,4132,3891160,3632123
3f665DEB1D8d4E9,Gray and Sons,http://dodson.com/,China,1980,Packaging / Containers,8303,3698,308729,10693756
4d6a2a19bf95Fc4,Hurst Camacho and Gill,http://www.beard-little.com/,China,1981,Venture Capital / VC,802,3376,7280983,3705692
dc94cdF6d5BdDbD,Terrell Inc,https://mcintosh-copeland.org/,China,1983,Food / Beverages,7961,2154,5567249,8181959
0bCeBFCD12bcb7e,Gordon-Marshall,https://www.hendrix.com/,China,2019,Accounting,5282,2447,2660501,3491784
8F55cD0AD6DCdE2,Francis-Frazier,https://roberts.biz/,China,2015,Gambling / Casinos,6202,2696,7563939,5853443
a6Bc77d5cE07c7B,Parker Ltd,https://www.burch.org/,China,2009,Accounting,6947,2150,5556256,532276
bcAaC3ADb10bF1C,Knapp-Maldonado,https://www.kennedy.com/,China,2013,E - Learning,6143,3635,743243,6701067
32Dffb53469eA98,Yates Massey and Ortiz,http://www.sutton-lambert.com/,China,1995,Computer Hardware,6330,4724,7592356,5587366
73ab5e45c1e5B55,Hurley Group,https://roman.org/,China,1987,Staffing / Recruiting,9469,3423,8543230,1475118
7cF53a7abbA2CA1,Carter Hodge and Franco,http://www.richards-bishop.biz/,China,2019,Maritime,2191,4073,1426570,5961922
70EECEEE7D6fAEc,Byrd Inc,https://dunlap.biz/,China,2016,Events Services,2240,4582,5291330,3618918
1A1402CAa5A1f1c,Estrada-Leon,https://www.myers-bradley.com/,China,1984,Events Services,4218,3258,6395400,2347750
699E5B0Fe674695,Henderson Garrison and Melendez,https://boone.info/,China,2014,Publishing Industry,9686,2576,1742210,1532457
35762be17cA3D47,Howe and Sons,https://www.nunez.com/,China,2007,Logistics / Procurement,1424,4475,117263,3381062
de5Fc71DE825bFc,Olson-Solomon,https://koch.com/,China,2013,Investment Banking / Venture,3825,2930,8574322,9750017
aeec625Ffe6BbCC,Espinoza PLC,http://strickland.com/,Colombia,1999,Construction,4441,3000,7003283,6216665
3A3d7C279Ef39ed,Parsons Bishop and Joseph,https://www.arellano.com/,Colombia,2014,Shipbuilding,6864,4025,4712791,11964736
a9AACe4Ae9Da4E5,Herrera Ltd,https://faulkner.net/,Colombia,1987,Military Industry,4066,4796,2139023,8217702
9FB0F575EDa185e,Pham-Bond,https://www.vance.com/,Comoros,1987,Real Estate / Mortgage,6746,2799,5555455,10410485
334B91221694B23,Stephens Group,http://www.howe-hays.com/,Comoros,1983,Fundraising,953,3917,7453301,6554032
05BbFBDA2aD8E1a,Perez Group,http://harper.com/,Comoros,2007,Wine / Spirits,8889,4864,2068253,6101879
6b1Bbe5DfDAc090,Townsend Richmond and Underwood,http://www.christensen.com/,Congo,1973,Music,9915,4278,2465875,7430574
Da71cDD001e06d6,Orr-Joseph,http://www.dodson-gallagher.net/,Congo,2001,Textiles,4375,3850,5331603,2449043
B7B5ca3592086ed,Joyce Chambers and Monroe,https://potts.com/,Congo,2004,Animation,9684,2375,531426,4287761
d2B69eFEdFF6f87,Garcia Group,https://bender-winters.com/,Congo,1983,Real Estate / Mortgage,818,4490,8582503,5237723
3EdC8528529B302,Hunt LLC,https://arroyo-liu.com/,Congo,1972,Religious Institutions,6176,2973,6331804,3954519
a9a62AbC02ECeEB,Wood Stark and Jacobson,http://www.liu-romero.com/,Congo,2006,Telecommunications,8056,4724,3962625,4817177
3ee4fbFFa7150bc,Rodgers LLC,http://www.butler-barron.org/,Congo,1980,Executive Office,1587,2530,320124,9535507
08BCcf6Da86fbA2,Becker-Mann,http://www.mcpherson-harvey.com/,Congo,1973,Farming,795,2369,1943045,7006240
D343b9db0563A4e,Hunter-Kane,http://petersen-heath.com/,Cook Islands,2004,Individual / Family Services,346,2240,5132634,6268949
ea75cD979Ec705F,Bowen-Shaw,https://www.shannon.com/,Cook Islands,1987,Medical Equipment,1243,2544,652039,5583597
5b62b5165B3A0C8,Rice Norton and Stein,http://mccann.info/,Cook Islands,2007,Transportation,6307,4674,7238346,10849360
f9a2FB187bCDc9f,Beck-Vaughan,http://www.henderson.biz/,Cook Islands,2020,Publishing Industry,5082,4774,4641603,5444905
3DdeB6ddCFC4f51,Mccullough and Sons,http://www.chase.com/,Cook Islands,1985,Publishing Industry,3634,4284,5409219,6536276
Cb54d184eb3677f,Esparza LLC,https://lozano.com/,Cook Islands,1994,Telecommunications,2776,2089,4301219,8215435
B73E7caC4Fae8fe,Young Inc,https://stout-schwartz.com/,Costa Rica,2001,Computer Networking,3541,3761,949047,10071755
eB43Ce5CB105Fcc,Maddox-Novak,http://mcclure.com/,Costa Rica,2009,Warehousing,4031,2989,1816362,1269216
C9dBFbFffFeF44C,Lee-Marks,http://www.york-stuart.biz/,Costa Rica,1985,Marketing / Advertising / Sales,3511,3536,4873136,10468187
521B3D4a4BE241E,Meadows-Macias,https://www.maynard.info/,Costa Rica,2006,Transportation,904,4931,7680875,3138195
ad2eb3C8C24DB87,Gill-Lamb,http://lin.com/,Cote d'Ivoire,2005,Apparel / Fashion,5105,3763,3716759,1401241
50A5cfCDED6ad6a,Stone Inc,http://www.blankenship.info/,Cote d'Ivoire,1984,Alternative Medicine,816,4324,8135323,6635287
2e9EeB3CB58AfCD,Mejia Inc,http://bolton.com/,Cote d'Ivoire,1972,Luxury Goods / Jewelry,7578,2468,2274873,5445802
6fcB10dA7E6f9Df,Hood Ltd,http://www.berry.com/,Cote d'Ivoire,1972,Machinery,640,4339,3506228,11290403
E1DD58a2ceD2812,Koch Group,https://www.mendoza.com/,Croatia,1994,Government Relations,6847,4269,2051908,5299290
136dd17EbFae94F,Hopkins-Wood,https://ayers.net/,Croatia,1987,Pharmaceuticals,3160,3536,5918200,2998565
DAD2bd3ae5cE86D,Vasquez-Ochoa,https://www.rose.com/,Cuba,1983,Packaging / Containers,4878,3982,952885,7199914
fa302496C8b81dE,Salazar Ltd,https://www.horton-clarke.com/,Cuba,1999,Information Services,2730,2636,2384745,10825602
FDdF45e1defEBBC,Ware LLC,http://pratt.net/,Cuba,1998,Real Estate / Mortgage,9941,4969,8611946,10076825
cBd16B4174DED61,Shaw Yang and Morton,https://dawson-russell.com/,Cuba,1985,Gambling / Casinos,8841,3984,4098896,3643303
5A1ABAaD8cF84Dc,Adkins Stewart and Lara,https://allison-blankenship.com/,Cuba,1988,Renewables / Environment,1715,4067,4273833,11671380
30aA99FBfaF7Ae0,Coffey Pope and Sims,https://www.webb-chaney.com/,Cuba,2013,Pharmaceuticals,6139,2594,8622719,6856187
eBD8BceeFc9A560,Hebert-Santos,http://holloway.com/,Cyprus,2004,Gambling / Casinos,7982,3749,3555763,11329581
ABF8dCCaBe179F9,Dodson-Lam,https://www.guzman.org/,Cyprus,1984,Judiciary,9440,2545,7149543,6870861
D8eAE5C3a1F27Ef,Wilkerson Luna and Brewer,http://oneal.biz/,Cyprus,2009,Railroad Manufacture,3822,4455,5353312,1819517
EBcF126fE9fdEAD,Boyle-Beard,http://www.fisher.com/,Cyprus,1985,Political Organization,9283,2765,4666818,4555031
1C1bC158deE046b,Barr James and Gilbert,https://www.farmer-wilkerson.biz/,Cyprus,1989,Paper / Forest Products,8147,3030,8343944,5208083
f8bD41B97F5e96a,Scott-Ramsey,https://wyatt.com/,Czech Republic,2018,Design,8263,4697,2980183,1861656
0ADEd4af925C9ec,Mcdonald Jacobson and Fischer,http://www.bruce.biz/,Czech Republic,1975,Outsourcing / Offshoring,6572,4702,2506874,8695803
2F31EddF2Db9aAE,Love-Palmer,https://kramer.com/,Denmark,2010,Management Consulting,6991,3839,6180759,10333311
9e8BDfEF88aa4e9,Barajas Hunt and Frye,http://www.richard.com/,Denmark,1980,Philanthropy,3233,3278,2772033,2705625
f58be3967e3FA62,Palmer-Stokes,https://nelson.com/,Denmark,2016,Civic / Social Organization,3242,3371,2491603,10823701
a7D5585Efe783de,Wagner-Lawrence,http://cline.biz/,Denmark,1976,Law Practice / Law Firms,5799,2591,569770,1775691
c7E8Caa3fe0ea9C,Wilson-Garrett,https://benjamin.com/,Denmark,1975,Photography,3238,4208,3879587,1749143
41EC4DDD3F62BBC,Arroyo Garcia and Patterson,http://www.martin.com/,Denmark,2020,Wireless,9235,3588,4983784,8986610
0052ABdaff57DaC,Donovan-Christian,https://www.hatfield.biz/,Denmark,1972,Broadcast Media,4544,3607,5166845,4608577
702ce2294FEb1a9,Griffith Group,http://www.brock.info/,Djibouti,2009,Furniture,1839,3201,7452738,10586155
8B43A3446Ad871c,Scott Simpson and Burch,https://www.zhang.com/,Dominica,1979,Furniture,4408,3029,2505281,4182754
477cdCcC1e02aAD,Vargas Ltd,https://www.blair-stout.com/,Dominica,1989,Human Resources / HR,3162,4156,4899916,10373676
ff0a16aceAAd6de,Wall Chandler and Chapman,https://www.melendez.net/,Dominican Republic,1986,Maritime,4604,2346,268657,6102634
CBE3dA81DFae3a3,Graves Inc,http://www.hinton-potts.com/,Dominican Republic,1986,Staffing / Recruiting,8802,2727,3257414,11002803
4BEaCCfEc62bbD7,Vaughan LLC,http://www.cantu.info/,Dominican Republic,2015,Banking / Mortgage,7755,4013,2589926,861339
a0Fe365BEfc1AaB,Davis-Dillon,http://quinn.com/,Dominican Republic,2007,Computer / Network Security,6607,4951,4937200,8991570
c3B6DFAaa57f88C,Diaz Mercer and Yoder,http://www.thornton-rosales.net/,Dominican Republic,2013,Medical Practice,4077,2957,2784883,9153380
F4BDEc9dBC6fD93,Pacheco-Bruce,http://duffy-kent.com/,Ecuador,1982,Furniture,20,2461,8876658,7796740
ec1dDbcbd1c649F,Chung Patel and Moore,https://whitney-andrade.com/,Ecuador,2008,Primary / Secondary Education,2928,4353,5597410,2837953
Cc45CcF52feC2FE,Bowen Group,http://www.torres.biz/,Ecuador,1980,Market Research,2179,3938,4273314,3381384
F1d537929fa45ad,Mcconnell-Schroeder,https://kirby-weber.info/,Ecuador,2009,Primary / Secondary Education,4884,4646,6450367,8666893
f0a58aa2dB37dda,Gutierrez Vasquez and Austin,https://www.hurley-huynh.com/,Ecuador,2009,Furniture,5052,4685,8072727,5257831
23A677cECd2bcac,Martinez-Boone,https://mckee.com/,Ecuador,2004,International Affairs,6346,3274,250703,3734589
14Db63A4Ea4212F,Hayes-Larsen,http://www.olson-mayo.com/,Ecuador,2005,Food / Beverages,5540,4686,824265,1746292
D3e19C1C996C3bB,Merritt-Mcgrath,http://odonnell.biz/,Egypt,1988,Maritime,6151,3666,8886047,10681395
F932fE8fc8bdBB5,Acosta LLC,http://macias.com/,Egypt,1987,Maritime,2378,3681,8403284,11194773
91fC21F3fF0C6A4,Rollins-Meyer,https://www.rosales-stark.com/,Egypt,1996,Biotechnology / Greentech,7454,3822,3704094,7013866
dE596ab67E93e2d,Riley-Hodge,http://www.macias-velasquez.net/,Egypt,2000,Translation / Localization,9307,2467,1258672,3609905
dEE2ebD7E3caC97,Allison-Spears,http://estrada-zhang.com/,Egypt,2008,Broadcast Media,869,4270,8354300,1274615
0dCA8aFEfdA7CFA,Hardy-Clements,http://rollins.com/,El Salvador,2010,Machinery,8486,4406,793895,9411113
0Ab00dcBEb6D7B1,Watson Haynes and Phelps,https://www.barnes-cross.com/,Eritrea,2006,Capital Markets / Hedge Fund / Private Equity,7978,4937,6687603,9043550
dcBFdC5B5ef0C20,Galvan Clarke and Murray,https://hutchinson.net/,Eritrea,2005,Performing Arts,8788,4989,2488813,7106594
69DCF87B76e8d91,Coffey-Hooper,http://mendoza-burnett.com/,Eritrea,2007,Pharmaceuticals,2660,3534,4331978,10207251
d2cb5B5e5AC938A,Bradley PLC,http://www.yates.com/,Eritrea,2004,Packaging / Containers,9343,4485,7464129,7447634
Cc06c8c9ac5d4DB,Dunlap Moss and Dixon,http://harding.com/,Estonia,1976,Information Services,2874,3246,4671071,4193382
0B19F0056c68E6F,Holland Group,https://oliver-figueroa.com/,Estonia,1979,Paper / Forest Products,7664,3245,6573943,1399452
bC6aDFff45c6bDD,Mclaughlin LLC,http://coleman.com/,Estonia,1975,Ranching,5650,4074,6952990,7234973
4eB2ba5BDadcAbb,Snyder Group,http://www.harper.org/,Estonia,1998,Commercial Real Estate,1363,3082,8858553,1453244
139AB569bdfCE4F,Elliott Hood and Estrada,https://www.harmon-bowers.com/,Ethiopia,2014,Automotive,3493,4820,2584643,4202651
EaF5Ae0FCBCB4dD,Macdonald PLC,http://www.huffman.com/,Ethiopia,1975,Events Services,6603,4042,7928324,1739312
a483cd7F7b486b4,Davis-Mclean,http://www.cherry.info/,Ethiopia,1995,Security / Investigations,3427,4589,4139000,11562047
E898490F4B5CCBB,Fields-Townsend,https://fields-hensley.com/,Ethiopia,1994,Food Production,4635,2510,4119291,11417784
5e75d5Cd8BeB4DA,Norman-Ford,http://maxwell.info/,Ethiopia,2018,Financial Services,3382,4028,1955461,1432088
83f947d8Ee5773B,Powers-Mack,https://www.berg.com/,Falkland Islands (Malvinas),1983,Sporting Goods,3985,4050,6470590,1677087
F7D126ABdBA0CB9,Freeman Robbins and Joseph,https://www.choi-mcmahon.com/,Falkland Islands (Malvinas),1993,International Affairs,7067,4407,8938741,2713553
F1d5c69DFb934Fb,Herring-Blake,http://collier.net/,Falkland Islands (Malvinas),2002,Internet,2268,4569,8935765,4771902
5BF4D472D771bd2,Ford-Stanton,https://sawyer-norton.biz/,Falkland Islands (Malvinas),2005,Wholesale,1903,2881,5690587,10865717
Df6AF24EE566F49,Olson-Mcconnell,http://www.christensen-norton.com/,Faroe Islands,1970,Medical Equipment,9170,2575,2781901,6742132
405eE5eC62afBAC,Archer Ltd,https://www.patton.com/,Faroe Islands,1988,Electrical / Electronic Manufacturing,4319,3882,8822021,8015396
736e0C8368E8f3D,Vazquez LLC,http://berg.net/,Faroe Islands,1979,Oil / Energy / Solar / Greentech,3136,3648,2153327,3469981
D1ee04A587a0B6F,Mann-Mason,http://bender.com/,Faroe Islands,2001,Business Supplies / Equipment,2726,2237,7145871,10383801
dFD2Cf9485B11c6,Richards-Zimmerman,http://vasquez-macdonald.biz/,Fiji,2018,Public Safety,8249,3091,6173642,1845433
3CCE7ee2c078d51,Malone and Sons,http://jensen-mccormick.com/,Fiji,2013,Program Development,4587,4841,4446957,11072110
DF8e88CfabC1f3d,Acosta-Lam,http://www.pugh.biz/,Finland,1991,Oil / Energy / Solar / Greentech,4437,3861,8400206,5741027
c1FBDC26744C6A6,Randolph Trujillo and Frost,http://blanchard.biz/,Finland,1987,Online Publishing,4238,2610,7831817,4655209
27CEbbbBCF4E17f,Curtis LLC,http://www.davenport.com/,Finland,1975,Philanthropy,36,2224,7364683,3676356
96BBBefa9D8DaEc,Ward and Sons,https://www.porter.com/,France,2001,Veterinary,8887,2090,8663707,8364435
22F15Be620aA6aE,Foster Inc,http://mcpherson-ray.com/,France,1981,Legislative Office,7348,3015,6159191,9946847
61ff50b0CaEcE58,Allison PLC,http://cisneros.com/,France,1993,Maritime,1545,2482,2658296,3834014
DFa6B1Cf6FFbddC,Mccall-Flowers,http://www.mathis-rowland.net/,France,2013,Sports,4243,4744,627052,7786024
06fAe819ccE7D30,Beard PLC,http://evans-herman.org/,France,1974,Facilities Services,2987,3257,6771622,5282789
624F5E1C3C0f0a0,Pierce Gallegos and Knox,https://www.neal.net/,France,2016,Fine Art,6016,4140,5114725,10896853
EcDbf14F9f876D7,Manning Mcpherson and Robertson,https://king.org/,France,1979,Plastics,8644,3497,5496034,5810781
522809bebBfcE43,Pollard LLC,http://www.paul-stein.com/,France,2013,Performing Arts,9329,2017,4573696,4737710
EF80e90DB608daF,Mckee Lewis and Hays,http://stanton-ramsey.com/,France,2010,Airlines / Aviation,3583,3871,2062690,9072397
Ef65aeBCdfBc7f2,Cameron Osborn and Pollard,http://www.frazier.info/,France,2018,Mechanical or Industrial Engineering,2775,4056,6916137,1489149
b0BBeBB36bAbb35,Koch Gomez and Hays,http://ewing-rosario.biz/,France,1997,Financial Services,8497,4999,1252981,11150058
F86a2ca7a4def88,King Inc,https://love.info/,France,2013,Real Estate / Mortgage,7464,4760,3700304,7151822
3aECBE853D893db,Glenn Savage and Ewing,https://www.guerra-gillespie.org/,France,1981,Animation,6826,3741,8618750,10457508
dcFFb6BCB80bC16,Pugh-Sampson,http://chapman.com/,France,1986,Wireless,9256,3843,5587272,1591712
487110e58a9b49f,Hanna PLC,https://www.navarro.com/,France,1987,Sports,7806,4120,2505810,1691888
bcF355a517CB541,Decker Wang and Barajas,http://smith.com/,France,1981,Commercial Real Estate,871,3415,4879185,8881065
FE7fbd9a048C647,Parsons Bradshaw and Waller,https://warner.com/,France,2021,Philanthropy,275,2837,6219464,1391052
b0e440Da717EFF9,Joseph-Stein,https://www.moses-mccarthy.org/,France,1990,Defense / Space,7825,3258,758321,10428402
fDCCeeFfaC73497,Larson Ltd,https://chandler.info/,France,2014,Wireless,5197,3426,694563,7009652
2c676BfB58d9907,Humphrey Holloway and Lutz,https://www.oneill.org/,France,1982,Museums / Institutions,1419,3157,2619258,8697881
CCb6A3bcCCd8BD0,Ballard-Benjamin,https://www.torres.com/,Gambia,1984,Consumer Electronics,1339,4478,3226139,4098708
A66737cE0cCb2c6,Huerta PLC,https://www.byrd.org/,Gambia,1970,Dairy,4337,2942,987401,8519976
8F3D5626D7D4F41,Ramos Ltd,https://www.werner-holder.biz/,Gambia,2018,Computer / Network Security,9088,2779,6697667,8933176
98C2aE97C376CFD,Glover Roach and Alexander,http://abbott-bridges.com/,Gambia,1971,Apparel / Fashion,8383,3133,2712132,10989217
C2fA8baECC7d0F8,Kramer Meyers and Mckinney,http://www.salazar.com/,Gambia,1978,Renewables / Environment,2101,2414,2416829,5887746
53bB589Efdb6118,George-Hamilton,http://perry.com/,Gambia,1980,Medical Equipment,3399,2248,402897,10798977
496Ed1C0E85d7F5,Pollard and Sons,https://ritter.biz/,Gambia,1979,Insurance,3098,4668,548312,4574820
cce3B1c5F77bDF1,Bryan PLC,http://www.decker.com/,Gambia,1986,Government Administration,8423,4081,5748332,5778566
c3C4eaDedDCaacb,Pitts Ltd,https://www.patrick-townsend.com/,Georgia,1989,Public Relations / PR,2674,3947,895235,2444343
B6cF3a0fe2A5acD,Tate PLC,http://www.fuentes-morgan.info/,Georgia,2020,Machinery,9286,3540,2528366,920645
722A53cBc046caC,Carlson Vargas and Carroll,http://www.gordon-thomas.com/,Georgia,2018,Ranching,9503,4287,4423348,3414118
Dd7B5CBf5bc8FB8,Park-Gomez,http://baxter.biz/,Georgia,1998,Luxury Goods / Jewelry,8228,2316,5734757,8608024
7dc8C8Cd1fF23Fe,Briggs-Delacruz,https://www.burnett-sparks.com/,Georgia,2006,Glass / Ceramics / Concrete,3098,2353,4199827,11434058
1F91dFC7BBeF29E,Hamilton LLC,http://www.stokes.com/,Germany,2016,Mental Health Care,2495,2884,8392371,5046871
acc4b161ae09e3E,Kerr PLC,https://reese.biz/,Germany,1993,Animation,7096,3674,6519645,750528
a83B7d8ed965d17,Rocha Henson and Gutierrez,http://mendoza.com/,Germany,1986,Library,3842,3333,5611535,8846712
Ba4Ed05a7e04feC,Mcintyre Williams and Gray,http://bass.com/,Germany,2012,Industrial Automation,6366,3087,8491053,7604355
Ac3Ce792fadCd5f,Wang-Holloway,https://www.hendrix.net/,Germany,1992,Computer Games,4447,2267,2798266,4031994
b419bFbDf7cEb25,Cooke-Mcgee,http://www.woodard-beck.net/,Germany,2014,Music,3064,2272,6260915,10347529
E4A91c4dae32af6,Skinner Inc,https://preston.com/,Germany,1982,Mining / Metals,4738,4866,4692897,5002742
bdF0C047E52CDC3,Reeves-Martinez,http://ali.com/,Germany,1974,Writing / Editing,6639,2588,2646628,8177152
C8ee331607f5eba,Herring-Orr,https://www.middleton-sexton.com/,Germany,2003,Financial Services,8986,4724,8803686,1428192
7aFb4a27BF2fcF7,Chen PLC,https://vang-faulkner.org/,Germany,2006,Environmental Services,3547,3177,2609453,631541
f6CfeBBa4ACd3CA,Edwards Ltd,http://www.davidson-freeman.org/,Ghana,1997,Military Industry,5943,3426,1529059,8707440
4c0ab3fc0Bd3e59,Brennan LLC,https://keith.com/,Ghana,1996,Performing Arts,2037,4276,7300935,9719202
F32aed40d49dE04,Crane PLC,https://gregory.biz/,Gibraltar,2015,Information Services,6357,3063,4255088,5456100
a2A1fCeeD2Eb3C9,Jacobson-Wang,https://coleman-owens.com/,Gibraltar,1972,Alternative Medicine,68,4742,7833734,9884022
ebdaFeFb1Fde197,Livingston LLC,https://gibbs-jennings.info/,Gibraltar,1973,Machinery,4606,2494,6688182,8017823
C398a370CcfE05F,Cook-Dunn,http://www.dunn.info/,Gibraltar,2009,Marketing / Advertising / Sales,6176,2789,4358781,9989430
b81Ea4bD32537CF,Banks PLC,https://www.clark.com/,Greece,2003,Machinery,7919,3169,3680487,6031752
F7Adb3A0E3553df,Graham Ltd,http://stewart-tyler.org/,Greece,1979,Logistics / Procurement,5786,2754,6804714,2724971
fb9ca60B6CEF6da,Barrett Inc,https://www.dalton.com/,Greece,2015,Furniture,2624,4598,7051974,7615283
4cFce7fAB148cc8,Peck Rogers and Conrad,https://banks.com/,Greece,1987,Mechanical or Industrial Engineering,6458,4616,2430450,7824100
efc5C915AcbF437,Young Buchanan and Vazquez,http://www.gregory-chapman.com/,Greenland,2005,Sports,8299,2351,4720060,8540470
E3b3A0E923874Cf,Hall Group,http://choi.org/,Greenland,1982,Construction,5969,3264,8550864,6578624
71D0fABEF420aC6,Williams-Pennington,https://www.short-strong.com/,Greenland,1972,Packaging / Containers,4484,2328,1920240,5292651
A25549b77E0c766,Stanton Graves and Ibarra,http://hanna-hunt.com/,Greenland,2000,Professional Training,9431,2049,6551002,2366548
1f8d1eb79aAD8e6,Moss Inc,http://barrett.com/,Greenland,1997,Electrical / Electronic Manufacturing,48,4985,8677839,1826982
00B6a6Fdc035Ff3,Fletcher PLC,https://www.shepard.com/,Greenland,1993,Logistics / Procurement,5184,2931,8487163,4868737
c477DFE441Aa317,Hendricks PLC,https://lyons.info/,Greenland,1981,Defense / Space,4680,3528,4464693,544708
A428fB0F7d1ADa4,Shah Robbins and Nielsen,http://www.faulkner-zamora.com/,Greenland,2011,Airlines / Aviation,4522,4362,843319,7551767
dc421A3a9B6D50d,Beltran Group,https://www.mosley-nolan.com/,Greenland,1997,Program Development,7613,4500,2571058,11142690
6A4daD8c40aa962,Mccann Dominguez and Ray,http://www.deleon.com/,Greenland,2016,Broadcast Media,8641,4797,1287905,1739689
4F223d5C80A096D,Huang-Ochoa,http://www.rosales.com/,Greenland,2008,Apparel / Fashion,6839,4333,7258434,6678379
F3dA775Bab0f1f7,Wise-Valenzuela,http://allen.com/,Greenland,1991,Chemicals,3269,4123,2304942,4649496
60ABfeaf173aDba,Mckinney PLC,https://www.sampson.org/,Greenland,2001,Hospital / Health Care,7846,2763,5928746,5530368
FE6b0d849EA1ff8,Fuller Inc,http://www.meyers-mcmillan.info/,Greenland,2013,Food / Beverages,9074,2494,8652277,3559374
Bbd8aa10dDeb16B,Branch-Cross,https://www.cohen.com/,Greenland,1990,Investment Banking / Venture,1228,2255,8480943,1476795
E35517078fc19db,Kline-Sampson,https://dillon.com/,Greenland,1973,Arts / Crafts,2185,2359,8247378,699235
dDdBDDfcFF9f56F,Mcknight Group,https://hess-mcfarland.com/,Greenland,1980,Performing Arts,2616,2502,7135178,508788
DC47da5dBD7F9a7,Rocha-Snyder,https://www.campos.org/,Greenland,1986,Machinery,2008,3714,2302657,2329369
F41FddfA46ad4b8,Tate Ltd,http://www.herrera.com/,Greenland,1993,Staffing / Recruiting,4118,4307,1178476,4133507
F21Ac01c1C5f5fF,Powers-Francis,http://www.flores-cochran.org/,Greenland,1988,Marketing / Advertising / Sales,8184,4952,937450,2736386
a4FF0d1bed7Ad9f,Watkins Group,http://walker.com/,Greenland,2005,Mental Health Care,9013,2300,2333606,9855245
46671edeC7CF6Bf,Mcbride PLC,http://www.camacho.info/,Greenland,1986,Machinery,9376,4956,3755332,11247340
83fB0Faf1F3421D,Rubio Mcintosh and Lewis,https://norton.biz/,Greenland,2009,Ranching,2882,2467,5943842,6948980
9ec666e820D8B6c,Clements Group,https://www.parker-velez.net/,Guinea,2017,Outsourcing / Offshoring,1615,3062,7572935,3750201
3ddb89ecD83B533,Maddox Owen and Shepherd,https://www.hamilton.com/,Guinea,2019,Animation,4467,3641,4831851,10983628
6E2Fa3d40FdfDEC,Hobbs-Johnston,http://www.proctor.com/,Guinea-Bissau,1994,Program Development,5840,3931,1458246,8769157
e3B672feED6ECbA,Todd-Mccarty,http://www.bradford.com/,Guinea-Bissau,1984,Performing Arts,1416,3579,3295184,2862718
F4Ba33FaAE5Dcc6,Dixon Inc,https://esparza.com/,Guinea-Bissau,2013,Utilities,7607,2630,4161628,6801410
E0c34C4C54d52fe,Solis-Cortez,http://www.hamilton.com/,Guinea-Bissau,1996,Facilities Services,9069,4974,5778151,11873063
BeeA0cEFCd9B53A,Mccormick Stafford and Soto,http://welch.net/,Guyana,2000,Health / Fitness,9014,3505,6367736,963197
A4c0C42A1ebE6e4,Mcclain Tucker and Mills,http://vaughn-malone.com/,Guyana,2020,Museums / Institutions,7429,4687,6510125,4616964
513f535882AFD7D,Turner-Brennan,http://barnes.info/,Guyana,1972,Packaging / Containers,1852,4018,8554146,9461160
B73B0DeeDeeCCa0,Flynn Taylor and Herman,http://www.summers-collins.net/,Guyana,1981,Luxury Goods / Jewelry,5050,2067,6497519,7185977
924FC506bd20747,Perez Inc,http://barry.org/,Haiti,2020,Paper / Forest Products,3215,4366,6301661,8989078
baDce4b6B7E6eCf,Mcmahon PLC,https://www.brock.com/,Haiti,2012,Automotive,8491,3270,1267665,5805206
2402eCd89B5E16D,Velazquez Brewer and Mahoney,http://www.mack-doyle.com/,Haiti,2004,Performing Arts,3884,2124,8988215,1213991
D60EB560ccf800f,Neal Maxwell and Moore,https://gutierrez.com/,Haiti,2006,Business Supplies / Equipment,8738,4965,6121727,2786297
e1e2eDe231A49AA,Silva-Ray,https://www.campbell-cowan.org/,Haiti,2002,Capital Markets / Hedge Fund / Private Equity,7913,4344,1139699,11084750
2E92e71EB9E6Fb7,Hodges Good and Kirby,http://www.velasquez.biz/,Haiti,2012,Computer Hardware,5703,2240,5066302,4946561
DC6d6E7Ea7deAbd,Henson Ltd,https://www.conway.com/,Haiti,2010,Photography,406,4443,2041329,1149180
f8e394bbAbDB0B5,Huerta Macdonald and Olson,http://byrd.com/,Haiti,2001,Primary / Secondary Education,6932,3293,4996867,7323372
c61dd4BB78351A7,Parrish Group,https://stanley.org/,Haiti,1988,Defense / Space,4308,2778,682677,9454458
183Edd689DBdE8f,Santana Group,https://kim.com/,Haiti,2022,Fishery,8873,3117,6661230,5112568
Da2FE1267CcbbaE,Paul Ltd,http://www.archer.com/,Haiti,1993,Media Production,4929,4587,8723969,6047329
78fCB64Cb9a9c40,Choi Daniels and Gay,https://www.haynes.com/,Haiti,2004,Food / Beverages,3410,2078,8612028,9154942
B98b5b8944c73CD,Liu Inc,http://www.escobar-henry.com/,Haiti,1986,Automotive,1905,2838,5429864,3318306
EcC3BaF0677BF90,Holmes-Wise,https://www.savage.org/,Haiti,2001,Mental Health Care,5662,2027,5669836,10080244
b943Aa9d8d33575,Dougherty-Tate,http://pace.org/,Honduras,1991,Food Production,8318,4392,7772621,8665013
ea29baFAc0Fd400,Thornton-Houston,http://yates.com/,Honduras,1983,Publishing Industry,6436,2219,3353352,11396703
B8A269B56C88826,Meadows Howard and York,http://www.robertson.info/,Honduras,1997,Computer Games,6597,4297,1502117,1348551
3E5AFfb1dEBd0F9,Gross-Holloway,https://www.jennings.org/,Hong Kong,2020,Plastics,8389,3524,2089023,3752848
e5cab57FFF6f4bd,Abbott-Arroyo,http://delgado.net/,Hungary,1994,Architecture / Planning,117,2800,233443,8340194
8B901f70eAF1BBE,Chaney-Kent,https://edwards-gutierrez.com/,Hungary,1972,Professional Training,1075,2078,8454637,8150574
30A079b41f85cf7,Horn-Blake,https://www.logan.org/,Hungary,2017,Dairy,4156,4640,2765728,5415960
AACAdFaD1365DA3,Macias-Roth,http://buckley.com/,Hungary,1988,Defense / Space,6796,3861,1635969,3848480
778FB7e29D989a6,Harvey Pennington and Richard,http://lara.com/,Hungary,2016,Computer Hardware,3894,2126,4677140,6421655
A68BBe2bDba36E4,Harrell Wagner and Snyder,https://molina-dodson.com/,Hungary,2018,Education Management,7679,3908,6854445,9101146
3AbB3f3Bb9c1c3C,Wallace-Hines,http://www.molina.com/,Hungary,2015,Utilities,5573,3518,8167336,1180226
a98cb22E83AEc1a,Yates Hines and Cohen,http://cooley.com/,Hungary,2002,Computer / Network Security,6926,2772,7520001,1351383
5E94b45Be9da540,Price and Sons,https://www.combs.com/,Iceland,1989,Consumer Services,599,3314,1310345,6936648
82DeF5c9D6f513d,Carson-Salas,http://www.mullins.com/,Iceland,2021,Furniture,2253,3003,6440456,8309918
8Bb4d87c9E9b58d,Livingston Stein and Byrd,https://jackson.biz/,India,2019,Internet,8578,4692,1463968,7926209
ab2BFeC96f40b9b,Guerra Mays and Alvarado,http://www.wilkins.net/,India,2019,Fine Art,1971,4767,5675297,4344903
61dA9fefC27c3a9,Ayers-Hernandez,https://case.com/,India,1992,Higher Education / Acadamia,5982,2407,2282191,3275894
e82EC3fEFC5aC80,Ochoa Hodges and Jacobson,http://www.herman-daniel.com/,India,2003,Alternative Dispute Resolution,8891,4489,7318503,4892553
C38CF79De2E6b6A,Gillespie Hatfield and Mccarty,http://www.acosta-osborne.com/,Indonesia,1982,Education Management,5784,2489,4028956,9081123
B3eA88cB559EDd6,Mckay Group,http://baird.biz/,Indonesia,2021,Consumer Electronics,2304,2205,4033433,1571794
CFFbc964C8c205D,Hernandez Ltd,http://todd.info/,Indonesia,2003,Environmental Services,795,3672,650323,639291
6De050494D4602b,Mathis Salazar and Ramsey,https://www.wiley-maynard.org/,Indonesia,1995,Dairy,2781,4346,6490144,595347
e7e1d499c94d9dD,Russo-Cameron,https://vazquez.org/,Indonesia,2012,Apparel / Fashion,5680,2120,8893871,1043868
3a4Fd31d16d2A42,Garner-Hoover,https://www.armstrong-burch.com/,Indonesia,1981,Information Services,6405,3016,3852231,605823
6FB2023D97790C7,Dunlap-Fritz,http://jennings-kerr.info/,Indonesia,1990,Textiles,8677,4346,1084118,5791029
D8Bf7AEBbBaEEf0,Tanner-Hanna,http://drake-baldwin.com/,Indonesia,2020,Alternative Dispute Resolution,5429,4160,2856227,2752817
dfED388E08b676F,Kent-Nolan,http://www.sweeney.biz/,Indonesia,2007,Oil / Energy / Solar / Greentech,7161,3876,1724045,4752850
9FBF69aa2D9AAF1,Ballard Goodman and Boone,http://berger-chen.info/,Iran,2019,Logistics / Procurement,6165,3573,6662533,5128854
D9b675D794bBA4e,Young LLC,http://mcintyre-blankenship.org/,Iran,1970,Political Organization,5683,4369,5519984,1901566
a45e805Db7fEEE1,Hinton Inc,https://www.hurst.info/,Iran,2003,Retail Industry,2658,3066,2855460,7391014
7FDEEff01a742DE,Salas and Sons,http://patrick.com/,Iran,1991,Food Production,2668,4417,7969427,1521906
788906D5EDDABE1,Lucero-Trevino,https://palmer.com/,Iran,2018,Think Tanks,6403,3585,2401340,11692314
3dc422C0ac77DE1,Ford Patel and Singleton,http://cook.biz/,Iraq,2011,Defense / Space,7245,2179,8294545,6604847
64D0598e6f89c12,Santiago Colon and Castaneda,http://hobbs-hull.com/,Iraq,1972,Other Industry,4864,4843,5241490,1602203
aA31e3eCbfB4bB1,Payne Blevins and Bonilla,http://carter.com/,Ireland,2012,Alternative Medicine,7649,2412,6234129,3331956
4fEfE84ab8d7CA2,Grant LLC,http://bass-ellison.info/,Ireland,2012,Warehousing,2368,4782,1799379,1863571
C9d4Fb3bEBd10bc,Esparza Inc,https://crawford.com/,Ireland,1973,Government Relations,9246,4400,3321009,11029608
CdF2e85CA8a7cfa,Camacho Ltd,http://www.leonard.com/,Ireland,1982,Chemicals,8710,4423,8976488,7636541
630Effa39F6F50d,Stewart Group,https://bradford.biz/,Ireland,2016,Media Production,6085,4880,1051797,6421089
AB2eA15d98b6BD4,Strickland Gray and Jensen,http://kerr.info/,Israel,1987,Performing Arts,7020,2737,5586138,10381451
0c6D831e8DceCfE,Sparks Decker and Powell,https://www.howe.net/,Israel,1977,Marketing / Advertising / Sales,2709,4078,2889656,8005196
A7b73fD2D7A38d0,Adkins Inc,https://www.nunez.info/,Israel,1989,Architecture / Planning,5338,2616,2471746,6941102
94e7CCBaeE6E83A,Simon-Decker,https://www.cameron-mcdonald.com/,Israel,1976,Accounting,9686,2685,8317642,5694262
d8Ec443ba5419A7,Dunlap Mccullough and Pittman,http://www.paul.com/,Israel,2014,Dairy,8217,3540,3519560,9695474
bEbDBffB7a060b6,Gaines Gomez and Madden,http://www.waters.com/,Israel,2008,Oil / Energy / Solar / Greentech,1132,4770,6450363,3052627
Ff3AEca14f2b61b,Hobbs Evans and Holder,http://www.murillo.com/,Italy,2001,Aviation / Aerospace,8461,4184,1457167,3793022
c357e7EceE0Ec17,Jordan Duffy and Guzman,http://www.richmond.com/,Italy,1974,Hospital / Health Care,5201,4674,8099355,2897548
2D66c5BC84d36bf,Estes Poole and Henderson,http://www.humphrey.com/,Italy,1981,Consumer Goods,5842,3426,6046986,6681930
0502B16c90e7072,Shepherd PLC,http://bailey.org/,Jamaica,1972,Newspapers / Journalism,5687,2883,3895169,4453181
062Fdfdc5aa37F9,Wilkinson Pope and Roach,http://sawyer.biz/,Jamaica,2009,Fine Art,5959,4143,5364042,11459560
3cd16e50ac72572,Blackwell-Carson,https://www.wilkins.com/,Japan,1974,Oil / Energy / Solar / Greentech,3389,2934,4585364,9182240
d5A9ACE6035F9ce,Baldwin Warner and Russell,http://www.hoffman.biz/,Jersey,1997,Legal Services,7675,4177,2006575,5285533
1AEe77Abf8647f4,Castro-Mercer,http://merritt.com/,Jersey,1974,Industrial Automation,3308,4141,8943028,7345973
8F48CaB85Ee2DC5,Lynch Inc,https://www.tanner.com/,Jersey,2011,Computer / Network Security,2050,2621,5672339,6259328
57A23e8bcf9d340,Larson and Sons,http://www.braun.com/,Jersey,1970,Real Estate / Mortgage,3786,4559,5383846,929413
47344A0D7deD6A5,Byrd Inc,https://massey-holder.com/,Jordan,2016,Computer Games,3182,2748,2031707,3203072
ce8fEAC6b8C8e44,Simpson Macdonald and Key,http://www.george.net/,Jordan,1998,Import / Export,3289,2289,8913489,1303623
0Aa03DE0F49f09d,Calhoun and Sons,http://www.young.com/,Jordan,1999,Government Administration,5723,3627,1430971,1960366
E86E20273da5dA7,Dixon Ltd,http://soto.com/,Jordan,2018,Philanthropy,1397,2120,5805099,2553964
73fAc61EFec51Cd,Bass Mcintosh and Harrison,http://lucero-bruce.com/,Jordan,1983,Insurance,2712,3134,8831323,6299703
eec9cEbD4CdFD4E,Lam Group,http://koch.org/,Kazakhstan,2006,Broadcast Media,2760,2853,5076164,7689670
95E2fc82Ca04a9b,Escobar Gilmore and Mahoney,http://www.carey.com/,Kazakhstan,1988,International Trade / Development,5975,4694,5389313,574143
A4fECc8Bb7afF7B,Fritz Ltd,http://padilla-morales.net/,Kazakhstan,1975,Graphic Design / Web Design,7020,3323,3320507,5059006
41EF2a0F35C4fA7,Porter Schaefer and Fields,http://colon.net/,Kazakhstan,2005,Graphic Design / Web Design,6742,4663,4183530,8420396
4DaEEda7Cbc40A1,Serrano Moses and Ho,https://serrano.info/,Kenya,1974,Nanotechnology,5247,4277,3356466,9397300
2dc933BD78EfECA,Schroeder LLC,https://case-jacobson.org/,Kenya,1979,Transportation,1185,2682,747224,671239
efFe2cB0Aacfdfb,Morris Villegas and English,http://www.stephenson.com/,Kenya,2021,Sporting Goods,9089,2619,4766495,11671960
cDFbAbdD3Ae5Ca1,Mills-Clements,https://newton.com/,Kenya,1988,Public Relations / PR,8674,2524,6585996,8576501
52bc0070051fBF9,Potter-Solis,http://riley.biz/,Kenya,1993,Entertainment / Movie Production,4209,3490,7603084,2901475
C82Cee1027A60E8,Powell Group,https://mcclain.com/,Kenya,2013,Chemicals,5802,4158,4136914,7475422
9abEb8aaFd25E04,Houston and Sons,http://mcgee.com/,Kenya,1981,Civic / Social Organization,5355,2580,3157122,1649225
cBbb2861C47E17d,Mendoza PLC,http://rodgers.com/,Korea,1986,Telecommunications,4233,4102,5712408,1007719
a24DFD5Ad79C3a7,Mccullough-Zavala,http://www.thornton.biz/,Korea,1993,Plastics,8897,2802,6350258,9695178
734Ae2A83a2C3DC,Sherman-Sutton,https://www.wu.biz/,Korea,1972,Electrical / Electronic Manufacturing,3488,4825,2547257,8980216
53b148AfFae7F4c,Case Luna and Ballard,https://www.odonnell.com/,Korea,1976,Market Research,1202,4657,2935950,1348002
529e8D003d34c28,Newman Medina and Luna,http://www.curtis.com/,Korea,1971,Think Tanks,876,3957,5203167,11455954
6426a5886e94bcd,Grimes PLC,http://www.manning.com/,Korea,2005,Civil Engineering,3070,2009,7832841,9772717
8bBC7a4bA6388F6,Peters Booker and Ramirez,http://www.mcdowell.com/,Korea,1976,Newspapers / Journalism,4559,2542,6747488,5119607
51Ccd5cdfdbA968,Morrison-Ramos,http://www.ray-johnson.info/,Korea,1988,Consumer Services,1587,3526,7120493,9549672
ED8dE6F5F3a97DB,Livingston Ltd,https://www.holt.biz/,Korea,1994,Hospitality,5395,3830,951671,1233660
EfeC11cA6A7F3A0,Castro-Hill,http://www.ewing.com/,Korea,1992,Alternative Medicine,4155,4791,4726172,6951515
DDCe8F6ec509eFD,Wiley-Mcdaniel,https://www.mcmahon.com/,Korea,1993,Furniture,7175,4448,4546821,9856052
aFC46D7fACeCD9b,Blevins Compton and Peck,https://melendez.org/,Korea,1996,Public Relations / PR,9178,2030,4982206,9654599
94122A41A8a8481,Charles Velazquez and Woods,http://wilkins.org/,Korea,2010,Cosmetics,6922,2373,2295912,6830430
3FC5f6509B65987,Mercer Arroyo and Camacho,https://salinas-oconnell.com/,Korea,2018,Higher Education / Acadamia,5253,3601,5181830,4198582
47EBb7EAFe0b9B8,Clayton-Kelly,https://www.cole-williamson.net/,Korea,2013,Writing / Editing,4691,3906,8856921,8052192
CfC7683A8cee57D,Armstrong-Griffith,https://www.vaughan.biz/,Korea,2020,Plastics,8509,2038,8676767,6255163
a8954a402A90E7f,Norman Christian and Johnston,https://www.dorsey.org/,Korea,2000,Graphic Design / Web Design,2685,4920,1727833,9737117
f735adc8E8d53F4,Giles Ingram and Figueroa,http://kim-frank.net/,Korea,1976,Railroad Manufacture,9719,3241,7803980,4687791
Ab2DB5c6c1A2A36,Ochoa-Vaughn,http://www.gardner.com/,Korea,2007,Ranching,4342,3553,2970284,6547227
E3f8eFc10AD96E9,Robbins-Contreras,https://boyer-nicholson.com/,Korea,1998,Investment Banking / Venture,2330,4532,6628780,1916160
C3Ea6c9A31EDf44,Sanchez-Bell,https://www.grant-duffy.com/,Korea,1987,Graphic Design / Web Design,9240,4064,8434071,1306806
c48FebCF2558deC,David Whitaker and Sweeney,http://www.roach-conner.com/,Korea,1972,Law Enforcement,3123,3498,7464012,4134959
DB6109ab9Fff8f4,Richard-Conway,https://www.cisneros.com/,Korea,1988,Fundraising,9510,3405,1405265,4246826
D9A26D0e83CbBCe,Bradshaw-Navarro,http://roberts.com/,Latvia,2003,Management Consulting,3113,2627,347307,7625948
9e9ec3BE1dED6D1,Daniels Hester and Spence,http://www.kent.com/,Latvia,1980,Fishery,6822,4400,7336499,8318891
89D4ED3f2bd8cdc,Mercado Ltd,https://www.novak-mccarthy.com/,Lebanon,1971,Consumer Electronics,4759,4172,7394230,6652373
c158808CA005a75,Mullins Cook and Webb,https://www.henson-farmer.com/,Lebanon,1998,Entertainment / Movie Production,4556,4318,5224549,9619011
6bC62F2c0fcfb43,Horne Hartman and Flowers,http://www.erickson.net/,Lebanon,1970,Internet,1312,4014,7701695,5846806
B4fF489AcfE154D,Rosales Inc,http://ware-castillo.com/,Lebanon,1986,Staffing / Recruiting,4470,2789,3938387,8736624
Df3B3Ed4193D90f,Golden-Riddle,https://hancock-finley.com/,Lebanon,1982,Investment Banking / Venture,4864,3800,3799481,11556916
B4Af39eFb508DEE,Mccann-Mcguire,http://www.fleming-farrell.org/,Lesotho,1970,Legal Services,5800,4210,6901980,769161
1d1a0fBb82A912B,Avila-Nelson,http://quinn-hammond.com/,Lesotho,2012,Cosmetics,2235,3298,5265917,5853093
680DCa425Fdbb9b,Howe Group,https://www.foster.net/,Lesotho,1987,Newspapers / Journalism,2895,3754,4192622,10290626
